dateff,mktrf,smb,hml,rf,umd
19260731,0.0296,-0.023,-0.0287,0.0022,
19260831,0.0264,-0.014,0.0419,0.0025,
19260930,0.0036,-0.0132,0.0001,0.0023,
19261030,-0.0324,0.0004,0.0051,0.0032,
19261130,0.0253,-0.002,-0.0035,0.0031,
19261231,0.0262,-0.0004,-0.0002,0.0028,
19270131,-0.0006,-0.0056,0.0483,0.0025,0.0044
19270228,0.0418,-0.001,0.0317,0.0026,-0.0201
19270331,0.0013,-0.016,-0.0267,0.003,0.0359
19270430,0.0046,0.0043,0.006,0.0025,0.0419
19270531,0.0544,0.0141,0.0493,0.003,0.0301
19270630,-0.0234,0.0047,-0.0153,0.0026,0.0051
19270730,0.0726,-0.0323,-0.0116,0.003,0.0432
19270831,0.0197,-0.0072,-0.0369,0.0028,0.0112
19270930,0.0476,-0.0357,-0.0071,0.0021,0.0193
19271031,-0.0431,0.0213,-0.0433,0.0025,-0.0111
19271130,0.0658,0.0276,-0.0031,0.0021,-0.0068
19271231,0.0209,0.0093,-0.0106,0.0022,0.0319
19280131,-0.0068,0.0425,-0.0072,0.0025,-0.006
19280229,-0.017,-0.0203,-0.0069,0.0033,-0.0102
19280331,0.0881,-0.0026,-0.012,0.0029,0.0487
19280430,0.0423,0.0382,0.0367,0.0022,-0.0565
19280531,0.0152,0.0298,-0.0346,0.0032,0.0285
19280630,-0.0485,-0.035,-0.0006,0.0031,0.0205
19280731,0.0062,-0.0135,-0.0047,0.0032,0.0275
19280831,0.0668,-0.0207,-0.0211,0.0032,0.0362
19280929,0.0288,0.0218,0.0076,0.0027,0.0362
19281031,0.0133,0.0227,-0.0226,0.0041,0.0505
19281130,0.1181,-0.0181,0.028,0.0038,0.0193
19281231,0.0036,-0.0085,-0.006,0.0006,0.0171
19290131,0.0466,-0.0354,-0.0121,0.0034,0.0247
19290228,-0.0034,-0.0039,0.0168,0.0036,0.0309
19290328,-0.0089,-0.0478,0.0156,0.0034,-0.0092
19290430,0.0143,-0.0099,0.0061,0.0036,0.0189
19290531,-0.0639,-0.0546,-0.0157,0.0044,-0.0204
19290629,0.097,-0.0217,-0.0276,0.0052,0.0879
19290731,0.0446,-0.0388,0.0266,0.0033,0.0294
19290830,0.0818,-0.0952,0.0006,0.004,0.0463
19290930,-0.0547,0.0117,-0.0063,0.0035,0.0304
19291031,-0.2012,-0.0408,0.0785,0.0046,0.0409
19291127,-0.1274,-0.0191,0.0533,0.0037,-0.0202
19291231,0.0133,-0.042,-0.0059,0.0037,0.0515
19300131,0.0561,0.0358,-0.0101,0.0014,-0.0504
19300228,0.025,0.0012,0.0039,0.003,0.0042
19300331,0.071,0.0344,0.0015,0.0035,-0.0418
19300430,-0.0206,-0.0017,-0.0084,0.0021,0.0394
19300529,-0.0166,-0.0204,-0.0063,0.0026,-0.0001
19300630,-0.1627,-0.0322,0.02,0.0027,0.0661
19300731,0.0412,-0.0037,-0.0156,0.002,-0.0216
19300829,0.003,-0.0222,-0.0078,0.0009,0.0395
19300930,-0.1275,-0.0222,-0.0527,0.0022,0.1144
19301031,-0.0878,-0.001,-0.0135,0.0009,0.0695
19301129,-0.0304,0.0221,-0.0353,0.0013,-0.0117
19301231,-0.0783,-0.0468,-0.0539,0.0014,0.1329
19310131,0.0624,0.0381,0.0721,0.0015,-0.1094
19310228,0.1088,0.0339,0.016,0.0004,-0.1437
19310331,-0.0643,0.0307,-0.0365,0.0013,0.0955
19310430,-0.0998,-0.0461,-0.0392,0.0008,0.1142
19310529,-0.1324,0.0516,-0.0657,0.0009,0.0903
19310630,0.139,-0.0538,0.113,0.0008,-0.1785
19310731,-0.0662,0.0143,-0.021,0.0006,0.0805
19310831,0.0041,-0.0197,-0.0149,0.0003,-0.0352
19310930,-0.2913,0.0056,-0.0675,0.0003,0.1018
19311031,0.0804,-0.0187,0.017,0.001,0.0328
19311130,-0.0908,0.043,-0.0505,0.0017,0.0761
19311231,-0.1353,-0.0056,-0.0886,0.0012,0.1417
19320130,-0.0158,0.0394,0.0904,0.0023,-0.1032
19320229,0.0546,-0.0277,-0.0145,0.0023,0.0162
19320331,-0.1121,0.0227,-0.0232,0.0016,0.1033
19320430,-0.1796,0.0144,0.0142,0.0011,0.0695
19320531,-0.2051,0.0372,-0.0328,0.0006,0.122
19320630,-0.007,0.0035,0.0532,0.0002,0.021
19320730,0.3384,-0.0444,0.3546,0.0003,-0.4394
19320831,0.3706,0.1429,0.3303,0.0003,-0.5226
19320930,-0.0294,-0.0243,-0.0682,0.0003,0.0244
19321031,-0.1317,-0.0276,-0.1004,0.0002,0.0429
19321130,-0.0588,0.0208,-0.1328,0.0002,-0.0209
19321231,0.044,-0.0827,-0.0817,0.0001,0.0526
19330131,0.0125,0.0069,0.0623,0.0001,-0.0153
19330228,-0.1524,-0.0275,-0.0273,-0.0003,0.0419
19330331,0.0329,0.039,0.0738,0.0004,0.0235
19330429,0.3885,0.0456,0.1743,0.001,-0.1595
19330531,0.2143,0.367,0.1903,0.0004,-0.0392
19330630,0.1311,0.0867,-0.0188,0.0002,0.0354
19330731,-0.0963,-0.0101,0.0327,0.0002,0.0041
19330831,0.1205,-0.0545,0.0296,0.0003,0.0751
19330930,-0.1065,-0.0032,-0.1177,0.0002,0.0165
19331031,-0.0836,-0.0008,-0.0846,0.0001,-0.0228
19331129,0.0997,-0.0648,0.0233,0.0002,0.0635
19331230,0.0183,0.0066,-0.0153,0.0002,0.0396
19340131,0.126,0.1253,0.1554,0.0005,-0.031
19340228,-0.025,0.0519,0.0212,0.0002,-0.0025
19340331,0.0009,0.0251,-0.0273,0.0002,-0.0086
19340430,-0.0179,0.028,-0.0375,0.0001,-0.0512
19340531,-0.0725,-0.0026,-0.0591,0.0001,-0.0283
19340630,0.0264,-0.0214,-0.0292,0.0001,-0.0096
19340731,-0.1096,-0.0694,-0.1066,0.0001,0.0873
19340831,0.0558,0.0542,0.005,0.0001,0.0241
19340929,-0.0023,-0.0152,-0.0124,0.0001,-0.001
19341031,-0.0166,0.0124,-0.0511,0.0001,0.0691
19341130,0.0833,0.0649,-0.0224,0.0001,0.0422
19341231,0.0036,0.0308,-0.0317,0.0001,0.0463
19350131,-0.0345,0.0107,-0.0189,0.0001,0.036
19350228,-0.0194,0.0042,-0.0724,0.0002,0.1375
19350330,-0.0368,-0.0354,-0.0506,0.0001,0.0286
19350430,0.0906,-0.0156,0.0427,0.0001,-0.0472
19350531,0.0347,-0.0334,0.0261,0.0001,-0.0367
19350629,0.0593,-0.0251,-0.0165,0.0001,0.0207
19350731,0.0751,0.0147,0.0686,0.0001,-0.0422
19350831,0.0265,0.0628,0.057,0.0001,-0.0769
19350930,0.0263,0.0157,-0.0405,0.0001,0.0893
19351031,0.0703,0.0265,-0.0233,0.0001,0.0209
19351130,0.0488,0.043,0.1191,0.0002,-0.0591
19351231,0.0456,0.0022,0.0107,0.0001,0.0375
19360131,0.0689,0.051,0.1051,0.0001,-0.0336
19360229,0.0249,0.0114,0.0504,0.0001,0.0257
19360331,0.0099,0.0066,-0.0166,0.0002,0.0173
19360430,-0.0814,-0.0603,-0.0208,0.0002,-0.0783
19360529,0.0519,0.0081,0.0263,0.0002,0.0237
19360630,0.024,-0.0325,-0.012,0.0003,0.0045
19360731,0.0667,0.0114,0.0256,0.0001,0.029
19360831,0.0099,0.0072,0.0399,0.0002,0.0061
19360930,0.0098,0.0307,0.0088,0.0001,0.0127
19361031,0.0712,-0.0239,0.0252,0.0002,0.0099
19361130,0.0327,0.0901,-0.0092,0.0001,0.0211
19361231,0.0021,0.0361,0.0396,0,0.0211
19370130,0.0335,0.0431,0.0261,0.0001,-0.0185
19370227,0.0109,0.0123,0.0505,0.0002,0.0298
19370331,-0.0027,-0.0178,0.0639,0.0001,0.0281
19370430,-0.0736,-0.0377,-0.0361,0.0003,-0.0371
19370528,-0.0083,-0.0066,-0.0349,0.0006,0.0051
19370630,-0.0421,-0.0365,-0.0321,0.0003,0.0068
19370731,0.0891,0.0085,0.0082,0.0003,-0.004
19370831,-0.0486,0.0042,-0.0225,0.0002,-0.0179
19370930,-0.1361,-0.0689,-0.0457,0.0004,-0.0714
19371030,-0.0961,0.0045,-0.0162,0.0002,-0.0156
19371130,-0.0831,-0.0365,0.002,0.0002,-0.0097
19371231,-0.0424,-0.0776,-0.0039,0,0.047
19380131,0.0049,0.0497,-0.016,0,-0.0144
19380228,0.0584,0.0035,-0.0202,0,-0.0308
19380331,-0.2382,-0.0424,-0.0352,-0.0001,0.1575
19380430,0.1451,0.0637,0.0018,0.0001,-0.0888
19380531,-0.0383,-0.0247,-0.0028,0,0.0713
19380630,0.2387,0.0405,0.003,0,-0.2486
19380730,0.0734,0.0666,0.0218,-0.0001,-0.0644
19380831,-0.0267,-0.0244,-0.0472,0,0.0395
19380930,0.0081,-0.0272,-0.0162,0.0002,0.0253
19381031,0.078,0.0583,0.0501,0.0001,-0.077
19381130,-0.0172,-0.0256,-0.0123,-0.0006,0.0313
19381231,0.0419,-0.018,0.005,0,0.0205
19390131,-0.0596,-0.0156,-0.0392,-0.0001,-0.0305
19390228,0.0351,0.0063,0.0295,0.0001,0.0325
19390331,-0.1199,-0.0476,-0.0829,-0.0001,-0.0148
19390429,-0.0018,0.0166,-0.003,0,0.027
19390531,0.068,0.0281,0.0047,0.0001,0.0356
19390630,-0.0531,-0.0102,-0.0541,0.0001,0.0196
19390731,0.1024,0.0432,-0.0003,0,-0.0057
19390831,-0.0668,-0.0461,-0.0242,-0.0001,0.059
19390930,0.1688,0.2023,0.2222,0.0001,-0.3035
19391031,-0.0053,-0.0001,-0.0489,0,0.0648
19391130,-0.0362,-0.0507,-0.0646,0,-0.0022
19391230,0.0303,0.0079,-0.0406,0,0.054
19400131,-0.0241,0.0024,-0.0077,0,0.0174
19400229,0.0144,0.0251,-0.0032,0,0.0181
19400330,0.0205,0.0125,-0.0127,0,-0.0036
19400430,0.0022,0.0392,-0.0013,0,0.0333
19400531,-0.2195,-0.0666,-0.0369,-0.0002,0.0286
19400629,0.0667,-0.0213,0.0463,0,-0.0214
19400731,0.0316,0.0101,-0.0074,0.0001,0.0085
19400831,0.0219,-0.0011,0.0056,-0.0001,-0.0161
19400930,0.0239,0.0322,-0.0113,0,-0.0026
19401031,0.0302,0.0028,0.0464,0,-0.0653
19401130,-0.0161,0.0194,0.0012,0,0.0133
19401231,0.0069,-0.0215,-0.0089,0,0.0346
19410131,-0.0417,0.01,0.0383,-0.0001,-0.0472
19410228,-0.0143,-0.0157,0.0089,-0.0001,0.0091
19410331,0.0084,0.001,0.0304,0.0001,0.0243
19410430,-0.0546,-0.0169,0.0341,-0.0001,0.0303
19410531,0.0139,-0.0066,0.006,0,0.0246
19410630,0.0583,0.0132,0.0059,0,-0.0064
19410731,0.0587,0.057,0.0725,0.0003,-0.0175
19410830,-0.0017,-0.0041,-0.011,0.0001,0.0017
19410930,-0.0087,-0.0099,-0.0028,0.0001,-0.0157
19411031,-0.0525,-0.0202,0.0163,0,0.0474
19411129,-0.0192,-0.0121,-0.0064,0,0.0404
19411231,-0.0487,-0.0298,-0.0594,0.0001,0.0028
19420131,0.0079,0.0752,0.101,0.0002,-0.0358
19420228,-0.0246,0.0172,-0.0113,0.0001,-0.0071
19420331,-0.0658,0.0178,-0.0062,0.0001,-0.0021
19420430,-0.0437,-0.006,0.0209,0.0001,-0.0079
19420529,0.0594,-0.0305,-0.0265,0.0003,-0.0471
19420630,0.0269,-0.0122,0.0054,0.0002,-0.0132
19420731,0.0351,-0.0016,0.024,0.0003,0.0077
19420831,0.018,-0.0009,0.0133,0.0003,-0.0013
19420930,0.0261,0.0066,0.0239,0.0003,-0.0064
19421031,0.0682,0.0182,0.0647,0.0003,-0.0401
19421130,0.0015,-0.0154,-0.0424,0.0003,-0.0097
19421231,0.0512,-0.0249,0.0056,0.0003,0.0306
19430130,0.0713,0.0878,0.0823,0.0003,-0.0036
19430227,0.0615,0.0484,0.0651,0.0003,-0.0146
19430331,0.0601,0.0503,0.0548,0.0003,0.0474
19430430,0.0081,0.0206,0.0586,0.0003,0.0618
19430529,0.0574,0.0441,0.0328,0.0003,0.0561
19430630,0.0182,-0.0106,-0.0074,0.0003,-0.013
19430731,-0.0477,-0.0241,-0.0227,0.0003,-0.0459
19430831,0.013,-0.0062,-0.0047,0.0003,0.0071
19430930,0.024,0.0128,0.0143,0.0003,0.0178
19431030,-0.0115,0.0058,0.0165,0.0003,-0.0053
19431130,-0.0591,-0.0164,-0.0404,0.0003,-0.0472
19431231,0.0636,0.0334,0.0322,0.0003,0.0599
19440131,0.0174,0.0256,0.0217,0.0003,0.0097
19440229,0.0037,-0.001,0.0083,0.0003,0.0034
19440331,0.0246,0.0171,0.0343,0.0002,0.0261
19440429,-0.0169,-0.0135,-0.0113,0.0003,0.0052
19440531,0.0507,0.0167,0.0102,0.0003,0.0207
19440630,0.0549,0.0404,0.0182,0.0003,-0.0522
19440731,-0.0149,0.0055,-0.0043,0.0003,0.0019
19440831,0.0157,0.0241,-0.0163,0.0003,0.0468
19440930,0.0001,0.0047,-0.0121,0.0002,-0.0108
19441031,0.0016,-0.0014,-0.0034,0.0003,-0.0124
19441130,0.0171,0.0037,0.0231,0.0003,0.0128
19441230,0.0403,0.0224,0.0591,0.0002,0.0336
19450131,0.0201,0.0244,0.0071,0.0003,0.0004
19450228,0.0623,0.0156,0.044,0.0002,0.0303
19450331,-0.0389,-0.0161,-0.0178,0.0002,-0.0328
19450430,0.078,0.0032,0.0321,0.0003,0.0479
19450531,0.0173,0.0151,0.0035,0.0003,0.0011
19450630,0.0039,0.031,0.0432,0.0002,0.0411
19450731,-0.0217,-0.0146,-0.0271,0.0003,-0.0262
19450831,0.062,0.0161,-0.044,0.0003,-0.014
19450929,0.0477,0.0171,0.0048,0.0003,0.014
19451031,0.0389,0.0246,0.0225,0.0003,0.0025
19451130,0.0539,0.0416,0.0434,0.0002,0.0426
19451231,0.012,0.0212,-0.0232,0.0003,0.0125
19460131,0.0624,0.0402,0.0221,0.0003,0.0376
19460228,-0.0583,-0.0073,-0.0127,0.0003,-0.0145
19460330,0.0587,0.0031,-0.0036,0.0003,0.0269
19460430,0.0423,0.0237,0.0045,0.0003,0.0303
19460531,0.0393,0.0146,0.0109,0.0003,-0.0061
19460628,-0.0389,-0.0153,-0.0059,0.0003,-0.0252
19460731,-0.0269,-0.0206,0.0004,0.0003,-0.001
19460830,-0.0644,-0.0178,0.006,0.0003,-0.0003
19460930,-0.1017,-0.0441,-0.0196,0.0003,0.0074
19461031,-0.0144,0.0009,0.0344,0.0003,0.0097
19461130,-0.0001,-0.004,0.0152,0.0003,0.002
19461231,0.0496,0.0006,-0.0138,0.0003,-0.001
19470131,0.0125,0.0218,-0.0073,0.0003,-0.0644
19470228,-0.0108,0.0068,0.0014,0.0003,-0.0049
19470331,-0.0167,-0.0161,0.0061,0.0003,0.0406
19470430,-0.048,-0.0397,0.0085,0.0003,0.0505
19470529,-0.0097,-0.0326,0.0034,0.0003,0.0333
19470630,0.0529,-0.0031,-0.006,0.0003,-0.0185
19470731,0.0414,0.0143,0.0282,0.0003,-0.0342
19470829,-0.0174,0.003,0.0016,0.0003,0.0338
19470930,-0.0054,0.0164,0.0136,0.0006,-0.0002
19471031,0.0247,0.0051,0.0008,0.0006,0.0134
19471129,-0.0197,-0.0174,0.0106,0.0006,0.0423
19471231,0.03,-0.0248,0.0369,0.0008,0.036
19480131,-0.0393,0.0249,0.0138,0.0007,-0.0429
19480228,-0.0438,-0.0171,0.0007,0.0007,0.0147
19480331,0.0807,0.0013,0.0449,0.0009,-0.0019
19480430,0.0365,-0.0166,0.041,0.0008,0.0406
19480528,0.073,0.0093,-0.0123,0.0008,0.0238
19480630,-0.001,-0.0186,0.0275,0.0009,0.0399
19480730,-0.0509,-0.0032,0.0007,0.0008,-0.0158
19480831,0.0025,-0.011,0.0027,0.0009,0.0023
19480930,-0.0297,-0.0123,-0.0179,0.0004,-0.0126
19481030,0.0596,-0.015,0.0056,0.0004,0.0279
19481130,-0.093,-0.0062,-0.0414,0.0004,0.006
19481231,0.0326,-0.028,-0.0194,0.0004,0.0466
19490131,0.0023,0.0181,0.0117,0.001,-0.0292
19490228,-0.0293,-0.0189,-0.0091,0.0009,-0.0041
19490331,0.0404,0.0248,0.0134,0.001,-0.0087
19490430,-0.0187,-0.0089,-0.0118,0.0009,0.0306
19490531,-0.0294,-0.0077,-0.0242,0.001,0.0304
19490630,0.001,-0.0088,-0.0176,0.001,-0.0128
19490729,0.0554,0.0057,0.0038,0.0009,-0.0154
19490831,0.026,0.0013,-0.0057,0.0009,0.017
19490930,0.0309,0.0105,0.0023,0.0009,-0.0142
19491031,0.0314,0.0103,-0.0049,0.0009,0
19491130,0.0182,-0.0093,-0.0091,0.0008,0.0127
19491231,0.0513,0.0207,0.0175,0.0009,-0.0078
19500131,0.017,0.0336,0.0014,0.0009,-0.0232
19500228,0.0148,0.0004,-0.0081,0.0009,0.0136
19500331,0.0126,-0.0141,-0.0277,0.001,0.0154
19500429,0.0394,0.0199,0.0134,0.0009,0.0033
19500531,0.0431,-0.0212,0.0046,0.001,0.0038
19500630,-0.0594,-0.0238,-0.0078,0.001,-0.0166
19500731,0.0136,0.0051,0.1366,0.001,-0.0047
19500831,0.0485,0.0073,-0.0141,0.001,0.0321
19500929,0.0481,0.0057,-0.0111,0.001,-0.0013
19501031,-0.0018,-0.0058,0.0144,0.0012,0.0142
19501130,0.0276,-0.0084,0.0317,0.0011,0.0359
19501230,0.0554,0.0149,0.0723,0.0011,0.0497
19510131,0.057,0.0173,0.0372,0.0013,0.02
19510228,0.0141,0.0009,-0.0283,0.001,-0.0158
19510331,-0.0215,-0.0064,-0.0422,0.0011,-0.0295
19510430,0.0486,-0.0149,0.0328,0.0013,0.0602
19510531,-0.0234,-0.0001,-0.0133,0.0012,-0.0093
19510629,-0.0262,-0.0195,-0.0396,0.0012,-0.0239
19510731,0.0694,-0.0199,0.0201,0.0013,0.0724
19510831,0.0427,0.0099,-0.0016,0.0013,0.01
19510928,0.007,0.019,0.0061,0.0012,0.0056
19511031,-0.0253,-0.0022,0.0025,0.0016,-0.0031
19511130,0.0057,-0.0029,-0.0005,0.0011,0.0063
19511231,0.0333,-0.0225,-0.0156,0.0012,0.017
19520131,0.0145,-0.0061,0.0154,0.0015,0.0137
19520229,-0.0262,0.0079,-0.0061,0.0012,-0.0075
19520331,0.0444,-0.0299,0.0216,0.0011,0.0165
19520430,-0.0497,0.0048,-0.001,0.0012,-0.0204
19520529,0.032,-0.0101,0.0008,0.0013,0.0049
19520630,0.0383,-0.0161,0.0123,0.0015,0.015
19520731,0.0091,-0.004,-0.0035,0.0015,-0.0052
19520829,-0.0076,0.0118,0.0003,0.0015,0.0031
19520930,-0.0203,0.0115,-0.0151,0.0016,0.0176
19521031,-0.0066,-0.0106,-0.0045,0.0014,0.0275
19521128,0.0594,-0.0071,0.0095,0.001,0.0044
19521231,0.0293,-0.0148,0.0018,0.0016,0.0151
19530130,-0.0034,0.0358,0.0132,0.0016,0.0072
19530227,-0.0027,0.0215,-0.0008,0.0014,0.0086
19530331,-0.0143,-0.0019,-0.008,0.0018,0.0008
19530430,-0.0283,0.0028,0.0153,0.0016,0.0185
19530529,0.0052,-0.0007,0.0023,0.0017,0.0094
19530630,-0.0189,-0.0186,-0.0047,0.0018,-0.0001
19530731,0.024,-0.0105,-0.0024,0.0015,-0.0031
19530831,-0.0452,0.0036,-0.0354,0.0017,0.0221
19530930,0.002,-0.0085,-0.0242,0.0016,0.0288
19531030,0.046,-0.0137,-0.0019,0.0013,0.0027
19531130,0.0283,-0.0129,-0.0017,0.0008,0.0195
19531231,0.0003,-0.0084,-0.0284,0.0013,0.0519
19540129,0.0513,0.0046,0.0351,0.0011,-0.0574
19540226,0.0167,-0.0017,-0.0028,0.0007,0.0103
19540331,0.0365,-0.0049,-0.0146,0.0008,0.022
19540430,0.0427,-0.0348,-0.0037,0.0009,0.0498
19540528,0.0309,0.0039,0.0246,0.0005,-0.0199
19540630,0.0107,0.0041,-0.0003,0.0006,0.0352
19540730,0.0499,0.0107,0.0411,0.0005,0.0044
19540831,-0.0234,0.0266,-0.0136,0.0005,-0.0064
19540930,0.0639,-0.0254,0.0066,0.0009,0.0154
19541029,-0.0167,0.0059,0.0072,0.0007,0.0096
19541130,0.0938,-0.0262,0.0436,0.0006,0.0193
19541231,0.0548,0.0214,0.0571,0.0008,-0.0141
19550131,0.006,0.0025,0.0218,0.0008,0.0136
19550228,0.0302,0.0154,0.0062,0.0009,0.0109
19550331,-0.0016,-0.0066,0.0195,0.001,0.0103
19550429,0.0311,-0.0179,0.0081,0.001,0.0009
19550531,0.0093,-0.0029,-0.0086,0.0014,0.0056
19550630,0.0655,-0.0465,0.0192,0.001,0.0466
19550729,0.019,-0.0136,0.0063,0.001,-0.0123
19550831,0.0021,-0.0038,0.0058,0.0016,0.0179
19550930,-0.0036,0.003,-0.0106,0.0016,0.0177
19551031,-0.0268,0.015,-0.0003,0.0018,-0.005
19551130,0.0703,-0.0246,0.005,0.0017,0.0267
19551230,0.0149,0.0208,-0.0224,0.0018,-0.0133
19560131,-0.0303,0.0044,0.0112,0.0022,-0.0148
19560229,0.0377,-0.0104,-0.0053,0.0019,0.0197
19560329,0.0664,-0.0242,-0.0014,0.0015,0.0359
19560430,0.0028,0.0007,-0.0018,0.0019,0.0257
19560531,-0.052,0.015,-0.0133,0.0023,-0.0162
19560629,0.0348,-0.0146,-0.0132,0.002,0.0271
19560731,0.0484,-0.0168,-0.0001,0.0022,0.0252
19560831,-0.0318,0.019,-0.0071,0.0017,-0.0069
19560928,-0.0514,0.0156,0.0179,0.0018,-0.0076
19561031,0.0052,-0.0009,-0.0006,0.0025,0.0246
19561130,0.0036,-0.0022,0.0178,0.002,0.0341
19561231,0.0316,-0.0003,-0.021,0.0024,0.0381
19570131,-0.0358,0.034,0.0278,0.0027,-0.0305
19570228,-0.0206,-0.0072,-0.0073,0.0024,0.0031
19570329,0.0213,0.0027,-0.0047,0.0023,-0.0018
19570430,0.0426,-0.016,-0.0151,0.0025,0.0096
19570531,0.0345,-0.0107,-0.0205,0.0026,0.0044
19570628,-0.0074,0.0055,0.0001,0.0024,0.0077
19570731,0.0066,-0.0076,0.0038,0.003,-0.0007
19570830,-0.0511,0.0006,-0.0045,0.0025,0.0049
19570930,-0.0598,0.0008,0.0088,0.0026,0.0062
19571031,-0.0432,-0.0252,-0.0183,0.0029,0.0194
19571129,0.023,0.004,-0.029,0.0028,0.0124
19571231,-0.0391,-0.0093,-0.0171,0.0024,0.0779
19580131,0.0466,0.0436,0.0423,0.0028,-0.0763
19580228,-0.0152,0.007,0.0028,0.0012,0.0375
19580331,0.0327,0.0063,-0.0092,0.0009,-0.0185
19580430,0.0309,-0.0059,0.0146,0.0008,0.0185
19580529,0.0231,0.0224,-0.0035,0.0011,-0.0182
19580630,0.0293,-0.0024,0.005,0.0003,-0.0087
19580731,0.0439,0.0047,0.0312,0.0007,-0.0362
19580829,0.0191,0.0119,0.0029,0.0004,0.0028
19580930,0.0466,0.0015,0.0296,0.0019,-0.0113
19581031,0.0253,0.0113,-0.0118,0.0018,0.0312
19581128,0.0301,0.0206,-0.0129,0.0011,0.0157
19581231,0.0515,-0.0207,-0.0005,0.0022,-0.0065
19590130,0.0071,0.0302,0.0298,0.0021,-0.0024
19590227,0.0095,0.0149,0.0105,0.0019,0.034
19590331,0.0028,0.0148,-0.0035,0.0022,0.0013
19590430,0.0366,-0.0058,-0.0122,0.002,0.0315
19590529,0.0173,-0.0215,0.0187,0.0022,0.015
19590630,-0.0025,0.0068,0.0133,0.0025,0.0291
19590731,0.0317,-0.0032,0.0026,0.0025,-0.0032
19590831,-0.0139,-0.0078,0.0044,0.0019,-0.0095
19590930,-0.048,-0.0009,0.0057,0.0031,0.0085
19591030,0.0128,0.0143,-0.0205,0.003,0.0348
19591130,0.016,0.0124,-0.0327,0.0026,0.0226
19591231,0.0245,-0.006,-0.0003,0.0034,0.0099
19600129,-0.0698,0.0209,0.0273,0.0033,-0.0349
19600229,0.0117,0.0051,-0.0199,0.0029,0.0386
19600331,-0.0163,-0.0051,-0.0285,0.0035,0.0143
19600429,-0.0171,0.0031,-0.0223,0.0019,0.0281
19600531,0.0312,0.0121,-0.0376,0.0027,0.0481
19600630,0.0208,-0.0022,-0.0034,0.0024,0.0086
19600729,-0.0237,-0.0052,0.0203,0.0013,-0.0078
19600831,0.0301,0.009,-0.0019,0.0017,0.0192
19600930,-0.0599,-0.0111,0.0158,0.0016,0.0031
19601031,-0.0071,-0.0395,0.026,0.0022,0.0125
19601130,0.0469,0.0035,-0.0245,0.0013,0.0364
19601230,0.0471,-0.0156,-0.0079,0.0016,0.0139
19610131,0.062,0.0066,0.037,0.0019,-0.0398
19610228,0.0357,0.0398,-0.0074,0.0014,0.0098
19610330,0.0289,0.0327,-0.0077,0.002,0.0451
19610428,0.0029,0.001,0.0205,0.0017,0.0352
19610531,0.024,0.0195,0.0048,0.0018,-0.0157
19610630,-0.0308,-0.0247,-0.0018,0.002,0.0037
19610731,0.0283,-0.0188,-0.0011,0.0018,0.0025
19610831,0.0257,-0.0175,-0.0028,0.0014,0.0165
19610929,-0.0215,-0.0105,-0.0058,0.0017,0.0083
19611031,0.0257,-0.0161,0.0012,0.0019,0.0313
19611130,0.0445,0.0124,-0.0119,0.0015,0.0134
19611229,-0.0018,-0.0083,0.0183,0.0019,-0.0224
19620131,-0.0387,0.0178,0.0509,0.0024,-0.0207
19620228,0.0181,-0.0116,0.0085,0.002,-0.0102
19620330,-0.0068,0.0053,-0.0143,0.002,0.0183
19620430,-0.0659,-0.0068,0.0003,0.0022,0.0289
19620531,-0.0865,-0.0333,0.0278,0.0024,0.0038
19620629,-0.0847,-0.0057,0.0254,0.002,0.0645
19620731,0.0628,0.0149,-0.0344,0.0027,0.0055
19620831,0.0213,0.0123,-0.0119,0.0023,-0.0058
19620928,-0.0522,-0.0243,0.0123,0.0021,0.0395
19621031,-0.0005,-0.0397,0.0129,0.0025,0.0075
19621130,0.1087,0.0261,0.0101,0.002,-0.0717
19621231,0.0101,-0.038,0.0033,0.0023,0.0588
19630131,0.0493,0.0306,0.0226,0.0025,-0.021
19630228,-0.0238,0.005,0.0221,0.0023,0.0252
19630329,0.0308,-0.0262,0.021,0.0023,0.0156
19630430,0.0451,-0.0131,0.0101,0.0025,-0.0008
19630531,0.0176,0.0112,0.025,0.0024,0.0037
19630628,-0.02,-0.0025,0.007,0.0023,0.0117
19630731,-0.0039,-0.0056,-0.0083,0.0027,0.01
19630830,0.0507,-0.0094,0.0167,0.0025,0.0103
19630930,-0.0157,-0.0031,0.0018,0.0027,0.0016
19631031,0.0253,-0.0054,-0.001,0.0029,0.0314
19631129,-0.0085,-0.0113,0.0171,0.0027,-0.0075
19631231,0.0183,-0.0197,-0.0012,0.0029,0.017
19640131,0.0224,-0.0019,0.0159,0.003,0.0106
19640228,0.0154,0.001,0.0283,0.0026,0.0024
19640331,0.0141,0.0099,0.0332,0.0031,0.0072
19640430,0.001,-0.0137,-0.0055,0.0029,-0.006
19640528,0.0142,-0.009,0.0198,0.0026,0.0254
19640630,0.0127,-0.0026,0.0068,0.003,0.0045
19640731,0.0174,0.0028,0.0068,0.003,-0.0037
19640831,-0.0144,0.0009,0.0009,0.0028,-0.0019
19640930,0.0269,-0.0051,0.0165,0.0028,-0.0039
19641030,0.0059,0.0043,0.0114,0.0029,0.0008
19641130,0,0.0061,-0.0198,0.0029,0.0108
19641231,0.0003,-0.0026,-0.0255,0.0031,-0.0069
19650129,0.0354,0.027,0.0018,0.0028,-0.0128
19650226,0.0044,0.0348,0.0022,0.003,0.003
19650331,-0.0134,0.0179,0.0109,0.0036,0.001
19650430,0.0311,0.012,0.0071,0.0031,0.0254
19650528,-0.0077,0.0004,-0.0163,0.0031,0.0054
19650630,-0.0551,-0.0435,0.0055,0.0035,-0.0312
19650730,0.0143,0.0087,0.0218,0.0031,0.041
19650831,0.0273,0.0281,-0.0096,0.0033,0.0258
19650930,0.0286,0.0061,-0.001,0.0031,0.0336
19651029,0.026,0.0248,0.0152,0.0031,0.0345
19651130,-0.0003,0.0468,0.0021,0.0035,0.0442
19651231,0.0101,0.0208,0.0195,0.0033,0.0009
19660131,0.0072,0.0389,0.0349,0.0038,0.0541
19660228,-0.0121,0.0454,0.0027,0.0035,0.0458
19660331,-0.0251,0.0094,-0.0207,0.0038,0.0134
19660429,0.0214,0.0345,-0.0054,0.0034,0.0618
19660531,-0.0566,-0.047,-0.0155,0.0041,-0.0469
19660630,-0.0144,0.0102,0.005,0.0038,0.0328
19660729,-0.0163,-0.0044,0.0096,0.0035,-0.0139
19660831,-0.0791,-0.0323,0.0047,0.0041,-0.0211
19660930,-0.0106,-0.0107,0.0053,0.004,-0.0173
19661031,0.0386,-0.0664,0.0287,0.0045,-0.0513
19661130,0.014,0.0422,-0.0446,0.004,0.0573
19661230,0.0013,0.0186,-0.0122,0.004,0.0107
19670131,0.0815,0.0832,0.0222,0.0043,-0.0675
19670228,0.0078,0.0334,-0.0217,0.0036,0.0356
19670331,0.0399,0.0163,0.0031,0.0039,0.0142
19670428,0.0389,0.0062,-0.0264,0.0032,0.0064
19670531,-0.0433,0.0198,0.008,0.0033,0.0067
19670630,0.0241,0.0596,0.0096,0.0027,0.0603
19670731,0.0458,0.0308,0.0265,0.0031,-0.0107
19670831,-0.0089,0.0047,0.0146,0.0031,-0.0141
19670929,0.0311,0.031,-0.0247,0.0032,0.0255
19671031,-0.0309,0.0142,-0.0339,0.0039,0.0366
19671130,0.0037,0.002,-0.0171,0.0036,0.0129
19671229,0.0305,0.0573,-0.0039,0.0033,0.0323
19680131,-0.0406,0.0391,0.0475,0.004,-0.0464
19680229,-0.0375,-0.0295,0.0117,0.0039,-0.0341
19680329,0.002,-0.0128,-0.0059,0.0038,0.0318
19680430,0.0905,0.0573,-0.0103,0.0043,0.0515
19680531,0.0228,0.0643,0.0084,0.0045,0.0373
19680628,0.0069,-0.0017,0.0067,0.0043,-0.0192
19680730,-0.0272,-0.013,0.0548,0.0048,-0.0084
19680830,0.0134,0.0234,0.01,0.0042,0.0188
19680930,0.0403,0.0276,0.0024,0.0043,-0.0067
19681031,0.0042,-0.0047,0.0289,0.0044,-0.0152
19681129,0.0543,0.0236,-0.009,0.0042,0.0173
19681231,-0.0394,0.0344,0.0002,0.0043,0.0011
19690131,-0.0125,-0.0078,0.0169,0.0053,-0.0015
19690228,-0.0584,-0.0389,0.009,0.0046,-0.0246
19690328,0.0264,-0.0025,-0.0046,0.0046,0.0395
19690430,0.0146,-0.0088,0.0003,0.0053,0.0117
19690529,-0.001,-0.0027,0.0073,0.0048,0.0168
19690630,-0.0718,-0.0539,-0.0109,0.0051,-0.0222
19690731,-0.07,-0.0321,0.0142,0.0053,0.0164
19690829,0.0468,0.0094,-0.0387,0.005,0.0213
19690930,-0.0298,0.012,-0.0319,0.0062,0.0253
19691031,0.0506,0.0381,-0.0319,0.006,-0.0432
19691128,-0.0379,-0.0253,-0.0112,0.0052,0.036
19691231,-0.0263,-0.0367,-0.0302,0.0064,0.0505
19700130,-0.081,0.029,0.0304,0.006,0.0063
19700227,0.0513,-0.024,0.0404,0.0062,0.0012
19700331,-0.0106,-0.0232,0.0425,0.0057,-0.0029
19700430,-0.11,-0.0611,0.0639,0.005,-0.0073
19700529,-0.0692,-0.0452,0.036,0.0053,-0.0273
19700630,-0.0579,-0.0216,0.0087,0.0058,0.0578
19700731,0.0693,-0.0054,0.0096,0.0052,-0.0294
19700831,0.0449,0.0152,0.0103,0.0053,-0.065
19700930,0.0418,0.0862,-0.0558,0.0054,-0.0892
19701030,-0.0228,-0.0428,0.0027,0.0046,0.0961
19701130,0.0459,-0.0407,0.0163,0.0046,0.0289
19701231,0.0572,0.0297,0.0101,0.0042,-0.0219
19710129,0.0484,0.0737,0.0138,0.0038,-0.0671
19710226,0.0141,0.0188,-0.0129,0.0033,0.0081
19710331,0.0413,0.0254,-0.0404,0.003,-0.0121
19710430,0.0315,-0.0049,0.0072,0.0028,0.0132
19710528,-0.0398,-0.011,-0.0138,0.0029,0.0089
19710630,-0.001,-0.0142,-0.0206,0.0037,0.0272
19710730,-0.045,-0.015,0.0017,0.004,-0.0237
19710831,0.0379,-0.0016,0.0267,0.0047,0.0351
19710930,-0.0085,0.0041,-0.0296,0.0037,0.0209
19711029,-0.0442,-0.018,-0.0043,0.0037,0.0046
19711130,-0.0046,-0.0285,-0.017,0.0037,0.0148
19711231,0.0871,0.0332,-0.0035,0.0037,-0.0068
19720131,0.0249,0.0612,0.0199,0.0029,0.0024
19720229,0.0287,0.0137,-0.0276,0.0025,0.027
19720330,0.0063,-0.0027,-0.0173,0.0027,0.0291
19720428,0.0029,0.0001,0.0023,0.0029,0.029
19720531,0.0125,-0.0279,-0.0269,0.003,0.0319
19720630,-0.0243,0.0033,-0.0251,0.0029,0.0193
19720731,-0.008,-0.0289,0.0078,0.0031,0.0275
19720831,0.0326,-0.0409,0.0469,0.0029,-0.0534
19720929,-0.0114,-0.0267,0.0047,0.0034,0.0175
19721031,0.0052,-0.0274,0.0137,0.004,0.0075
19721130,0.046,-0.0111,0.0476,0.0037,-0.0514
19721229,0.0062,-0.0186,-0.0227,0.0037,0.0498
19730131,-0.0329,-0.0348,0.0268,0.0044,0.0371
19730228,-0.0485,-0.0399,0.017,0.0041,0.0212
19730330,-0.013,-0.0282,0.0278,0.0046,0.0362
19730430,-0.0568,-0.0399,0.0569,0.0052,0.064
19730531,-0.0294,-0.0612,0.0021,0.0051,0.0709
19730629,-0.0156,-0.0295,0.0144,0.0051,0.0431
19730731,0.0505,0.0791,-0.0531,0.0064,-0.1169
19730831,-0.0382,-0.0203,0.0114,0.007,0.0342
19730928,0.0475,0.0294,0.0218,0.0068,-0.0703
19731031,-0.0083,-0.0023,0.0174,0.0065,0.0675
19731130,-0.1275,-0.077,0.0404,0.0056,0.0863
19731231,0.0061,-0.0529,0.0409,0.0064,0.1039
19740131,-0.0017,0.0976,0.0599,0.0063,-0.0882
19740228,-0.0047,0.0005,0.0254,0.0058,0.0014
19740329,-0.0281,0.0251,-0.0011,0.0056,-0.0099
19740430,-0.0529,-0.0071,0.0106,0.0075,0.02
19740531,-0.0468,-0.0301,-0.0204,0.0075,-0.0026
19740628,-0.0283,-0.002,0.0079,0.006,0.0237
19740731,-0.0805,0.0092,0.0514,0.007,0.0301
19740830,-0.0935,-0.0068,0.025,0.006,0.03
19740930,-0.1177,0.0027,0.0549,0.0081,0.0432
19741031,0.161,-0.0351,-0.0999,0.0051,-0.005
19741129,-0.0451,-0.0117,-0.0016,0.0054,0.0217
19741231,-0.0345,-0.0484,0,0.007,0.0295
19750131,0.1366,0.1101,0.0844,0.0058,-0.1389
19750228,0.0556,0.0016,-0.0456,0.0043,-0.0055
19750331,0.0266,0.0375,0.0249,0.0041,-0.0199
19750430,0.0423,-0.0054,-0.0111,0.0044,0.0134
19750530,0.0519,0.0383,-0.0402,0.0044,-0.0047
19750630,0.0483,0.0076,0.0132,0.0041,0.0006
19750731,-0.0659,0.0269,0.017,0.0048,0.0042
19750829,-0.0285,-0.032,-0.009,0.0048,-0.0013
19750930,-0.0426,-0.0013,0.0034,0.0053,0.0032
19751031,0.0531,-0.0402,0.003,0.0056,-0.0014
19751128,0.0264,-0.0119,0.0199,0.0041,-0.0045
19751231,-0.016,-0.0076,0.0176,0.0048,-0.0012
19760130,0.1216,0.048,0.0858,0.0047,0.0446
19760227,0.0032,0.0703,0.0578,0.0034,0.0036
19760331,0.0232,-0.0117,-0.0004,0.004,0.0019
19760430,-0.0149,-0.0003,-0.0006,0.0042,0.005
19760528,-0.0134,-0.0124,-0.0132,0.0037,-0.011
19760630,0.0405,-0.0135,0.0068,0.0043,-0.0042
19760730,-0.0107,0.0031,0.0174,0.0047,-0.0012
19760831,-0.0056,-0.0201,0.0079,0.0042,-0.0085
19760930,0.0207,-0.0001,-0.0029,0.0044,0.0024
19761029,-0.0242,0.0025,-0.0013,0.0041,-0.0048
19761130,0.0036,0.0232,0.0151,0.004,0.029
19761231,0.0565,0.0301,0.0222,0.004,0.0077
19770131,-0.0405,0.0478,0.0426,0.0036,0.0398
19770228,-0.0194,0.0108,0.005,0.0035,0.0035
19770331,-0.0137,0.0099,0.0102,0.0038,0.0049
19770429,0.0015,-0.0012,0.0345,0.0038,0.0422
19770531,-0.0145,0.0118,0.0084,0.0037,0.0201
19770630,0.0471,0.0213,-0.0064,0.004,0.0177
19770729,-0.0169,0.0212,-0.0059,0.0042,0.0031
19770831,-0.0175,0.0152,-0.0279,0.0044,-0.0178
19770930,-0.0027,0.0145,-0.0049,0.0043,0.0206
19771031,-0.0438,0.0127,0.0172,0.0049,-0.0013
19771130,0.04,0.0372,0.0031,0.005,0.0219
19771230,0.0027,0.0135,-0.0037,0.0049,0.0156
19780131,-0.0601,0.0222,0.0331,0.0049,-0.0072
19780228,-0.0138,0.0359,0.0076,0.0046,0.019
19780331,0.0285,0.0348,0.012,0.0053,0.0137
19780428,0.0788,0.004,-0.0354,0.0054,0.0085
19780531,0.0176,0.0456,-0.0062,0.0051,0.0285
19780630,-0.0169,0.0169,0.0059,0.0054,0.0278
19780731,0.0511,0.0026,-0.0111,0.0056,0.0422
19780831,0.0375,0.0506,-0.0046,0.0056,0.0282
19780929,-0.0143,-0.0039,0.0187,0.0062,-0.0311
19781031,-0.1191,-0.0988,0.0136,0.0068,-0.0839
19781130,0.0271,0.0301,-0.0222,0.007,0.0552
19781229,0.0088,0.0124,-0.0219,0.0078,0.0305
19790131,0.0423,0.0366,0.0227,0.0077,-0.0124
19790228,-0.0356,0.0045,0.012,0.0073,-0.0106
19790330,0.0568,0.0319,-0.0067,0.0081,0.0288
19790430,-0.0006,0.0218,0.0105,0.008,0.0081
19790531,-0.0221,0.0057,0.0192,0.0082,-0.002
19790629,0.0385,0.0117,0.0148,0.0081,0.0082
19790731,0.0082,0.0126,0.017,0.0077,-0.0109
19790831,0.0553,0.0208,-0.0155,0.0077,-0.0023
19790928,-0.0082,-0.0025,-0.0087,0.0083,0.0534
19791031,-0.081,-0.0334,-0.0186,0.0087,0.0212
19791130,0.0521,0.0274,-0.0325,0.0099,0.0796
19791231,0.0179,0.0417,-0.0198,0.0095,0.0478
19800131,0.0551,0.0165,0.018,0.008,0.0751
19800229,-0.0122,-0.0182,0.0062,0.0089,0.0788
19800331,-0.129,-0.0664,-0.0106,0.0121,-0.0959
19800430,0.0397,0.0097,0.0106,0.0126,-0.0042
19800530,0.0526,0.0216,0.0039,0.0081,-0.0111
19800630,0.0306,0.0167,-0.0089,0.0061,0.0159
19800731,0.0649,0.0425,-0.063,0.0053,0.0037
19800829,0.018,0.0392,-0.0264,0.0064,0.0319
19800930,0.0219,0.0089,-0.0479,0.0075,0.0544
19801031,0.0106,0.0247,-0.0274,0.0095,0.0732
19801128,0.0959,-0.0345,-0.0835,0.0096,0.1524
19801231,-0.0452,-0.0028,0.0268,0.0131,-0.0665
19810130,-0.0504,0.03,0.0684,0.0104,-0.0794
19810227,0.0057,-0.0031,0.0097,0.0107,-0.0139
19810331,0.0356,0.0358,0.0067,0.0121,0.0074
19810430,-0.0211,0.0442,0.0226,0.0108,-0.0096
19810529,0.0011,0.02,-0.0043,0.0115,0.0375
19810630,-0.0236,-0.0085,0.0513,0.0135,-0.059
19810731,-0.0154,-0.0218,-0.0066,0.0124,-0.0252
19810831,-0.0704,-0.0195,0.0484,0.0128,-0.0112
19810930,-0.0717,-0.0266,0.052,0.0124,0.0198
19811030,0.0492,0.0213,-0.0421,0.0121,0.0407
19811130,0.0336,-0.0096,0.019,0.0107,-0.0027
19811231,-0.0365,0.0117,0.0074,0.0087,0.0132
19820129,-0.0324,-0.0129,0.0317,0.008,0.0173
19820226,-0.0586,0.0049,0.061,0.0092,0.05
19820331,-0.0187,-0.0019,0.0378,0.0098,0.0293
19820430,0.0327,0.0151,-0.0278,0.0113,-0.0041
19820528,-0.0399,0.0047,0.0181,0.0106,0.0255
19820630,-0.0309,-0.004,0.0154,0.0096,0.05
19820730,-0.0319,0.0084,0.0015,0.0105,0.0447
19820831,0.1114,-0.0411,0.0116,0.0076,-0.0352
19820930,0.0129,0.0288,0.0034,0.0051,0.0417
19821029,0.113,0.0235,-0.0368,0.0059,0.0003
19821130,0.0467,0.0477,-0.0196,0.0063,0.0589
19821231,0.0055,-0.0018,0.0001,0.0067,0.0002
19830131,0.036,0.027,-0.0086,0.0069,-0.017
19830228,0.0259,0.0323,0.0067,0.0062,0.0383
19830331,0.0282,0.0177,0.0207,0.0063,0.0093
19830429,0.0667,0.0053,0.006,0.0071,0.018
19830531,0.0052,0.0616,-0.014,0.0069,-0.0159
19830630,0.0307,0.0091,-0.0387,0.0067,0.0178
19830729,-0.0407,0.0146,0.0562,0.0074,-0.0313
19830831,-0.005,-0.043,0.0555,0.0076,-0.0625
19830930,0.0091,0.0056,0.0109,0.0076,-0.001
19831031,-0.0344,-0.036,0.0506,0.0076,-0.0456
19831130,0.0216,0.0204,-0.0062,0.007,-0.0009
19831230,-0.0178,-0.0029,0.0167,0.0073,0.0074
19840131,-0.0192,-0.0043,0.0763,0.0076,-0.0249
19840229,-0.0482,-0.0171,0.0336,0.0071,0.0019
19840330,0.0063,0.0007,0.0048,0.0073,0.0109
19840430,-0.0051,-0.012,0.0129,0.0081,0.0205
19840531,-0.0597,0.0003,0.0026,0.0078,0.0152
19840629,0.0182,-0.0032,-0.026,0.0075,-0.007
19840731,-0.0274,-0.0221,0.0049,0.0082,0.0293
19840831,0.1028,-0.0025,-0.0185,0.0083,-0.0569
19840928,-0.008,0.002,0.0532,0.0086,0.0367
19841031,-0.0084,-0.012,0.0051,0.01,0.0321
19841130,-0.0176,-0.0062,0.0408,0.0073,0.017
19841231,0.0184,-0.006,-0.0017,0.0064,0.0154
19850131,0.0799,0.0327,-0.0543,0.0065,-0.069
19850228,0.0122,0.0076,-0.0012,0.0058,0.0182
19850329,-0.0084,-0.0115,0.041,0.0062,0.0168
19850430,-0.0096,0.0014,0.0373,0.0072,0.0306
19850531,0.0509,-0.0225,-0.0086,0.0066,0.04
19850628,0.0127,0.007,0.0076,0.0055,0.0363
19850731,-0.0074,0.0285,-0.0163,0.0062,-0.0394
19850830,-0.0102,-0.0034,0.0228,0.0055,0.0182
19850930,-0.0454,-0.0158,0.0132,0.006,0.0148
19851031,0.0402,-0.0157,0.0078,0.0065,0.0488
19851129,0.0648,0.0023,-0.0287,0.0061,-0.004
19851231,0.0388,-0.0049,-0.0153,0.0065,-0.0013
19860131,0.0065,0.0122,0.0053,0.0056,0.0296
19860228,0.0713,-0.0065,-0.0094,0.0053,0.0278
19860331,0.0488,-0.0052,-0.0044,0.006,0.0245
19860430,-0.0131,0.0284,-0.0285,0.0052,-0.005
19860530,0.0462,-0.0132,-0.0011,0.0049,0.0202
19860630,0.0103,-0.0091,0.014,0.0052,0.0516
19860731,-0.0645,-0.0338,0.0478,0.0052,0.018
19860829,0.0607,-0.0417,0.0352,0.0046,-0.0501
19860930,-0.086,0.0228,0.0319,0.0045,-0.0586
19861031,0.0466,-0.0248,-0.0132,0.0046,0.0269
19861128,0.0117,-0.0192,-0.0006,0.0039,-0.0032
19861231,-0.0327,0.0008,0.0037,0.0049,0.004
19870130,0.1247,-0.0181,-0.0318,0.0042,0.021
19870227,0.0439,0.0349,-0.0599,0.0043,-0.0217
19870331,0.0164,0.0037,0.0166,0.0047,0.016
19870430,-0.0211,-0.0169,-0.0033,0.0044,0.0026
19870529,0.0011,-0.0053,0.0013,0.0038,-0.0068
19870630,0.0394,-0.0218,0.0107,0.0048,-0.002
19870731,0.0385,-0.0067,0.0066,0.0046,0.0267
19870831,0.0352,-0.0072,-0.009,0.0047,-0.0087
19870930,-0.0259,0.0052,0.0028,0.0045,0.0071
19871030,-0.2324,-0.0843,0.0423,0.006,-0.0786
19871130,-0.0777,0.0277,0.0314,0.0035,-0.0115
19871231,0.0681,0.0013,-0.0449,0.0039,0.0583
19880129,0.0421,-0.0077,0.0508,0.0029,-0.0758
19880229,0.0475,0.0336,-0.0165,0.0046,-0.0154
19880331,-0.0227,0.0616,0.0074,0.0044,0.0063
19880429,0.0056,0.0096,0.0169,0.0046,0.0225
19880531,-0.0029,-0.0264,0.023,0.0051,0.0064
19880630,0.0479,0.0216,-0.0107,0.0049,-0.0291
19880729,-0.0125,-0.0021,0.0227,0.0051,0.0063
19880831,-0.0331,0.0004,0.0203,0.0059,0.0033
19880930,0.033,-0.0125,-0.0068,0.0062,0.0024
19881031,0.0115,-0.029,0.0171,0.0061,0.0131
19881130,-0.0229,-0.0174,0.0124,0.0057,0.0042
19881230,0.0149,0.0195,-0.0155,0.0063,0.0042
19890131,0.061,-0.0214,0.0051,0.0055,-0.0014
19890228,-0.0225,0.0276,0.0087,0.0061,0.0094
19890331,0.0157,0.0074,0.0046,0.0067,0.0355
19890428,0.0433,-0.0059,-0.0145,0.0067,0.0169
19890531,0.0335,-0.0004,-0.0082,0.0079,0.0156
19890630,-0.0135,-0.0101,0.0219,0.0071,0.0065
19890731,0.072,-0.0402,-0.0284,0.007,0.0544
19890831,0.0144,0.005,0.0072,0.0074,-0.0014
19890929,-0.0076,0.0028,-0.0134,0.0065,0.034
19891031,-0.0367,-0.033,-0.0103,0.0068,0.0137
19891130,0.0103,-0.0124,-0.0112,0.0069,0.0258
19891229,0.0116,-0.0241,0.0028,0.0061,0.0281
19900131,-0.0785,-0.0129,0.0087,0.0057,-0.0328
19900228,0.0111,0.0103,0.0061,0.0057,-0.0053
19900330,0.0183,0.0152,-0.029,0.0064,0.0165
19900430,-0.0336,-0.005,-0.0255,0.0069,0.024
19900531,0.0842,-0.0257,-0.0374,0.0068,0.0305
19900629,-0.0109,0.0143,-0.0194,0.0063,0.0243
19900731,-0.019,-0.0321,-0.0001,0.0068,0.0593
19900831,-0.1015,-0.0358,0.0158,0.0066,0.0178
19900928,-0.0612,-0.0367,0.0073,0.006,0.0553
19901031,-0.0192,-0.0551,0.0022,0.0068,0.0673
19901130,0.0635,0.0033,-0.0316,0.0057,-0.0562
19901231,0.0246,0.0079,-0.0154,0.006,0.0016
19910131,0.0469,0.0379,-0.0184,0.0052,-0.0653
19910228,0.0719,0.0395,-0.0054,0.0048,-0.0473
19910328,0.0265,0.0389,-0.0123,0.0044,0.0283
19910430,-0.0028,0.005,0.0142,0.0053,-0.024
19910531,0.0365,-0.0034,-0.0057,0.0047,-0.001
19910628,-0.0494,0.0007,0.0121,0.0042,0.0046
19910731,0.0424,-0.0093,-0.0125,0.0049,0.0431
19910830,0.0232,0.0159,-0.0078,0.0046,0.0163
19910930,-0.0159,0.0163,-0.01,0.0046,0.0173
19911031,0.0129,0.009,-0.0043,0.0042,0.0323
19911129,-0.0419,-0.0048,-0.0193,0.0039,0.0126
19911231,0.1084,-0.0224,-0.0403,0.0038,0.083
19920131,-0.0059,0.0847,0.0451,0.0034,-0.0251
19920228,0.0109,0.0088,0.0637,0.0028,-0.0058
19920331,-0.0266,-0.0103,0.0365,0.0034,-0.0036
19920430,0.0107,-0.0612,0.0431,0.0032,-0.026
19920529,0.003,0.0039,0.0128,0.0028,0.0013
19920630,-0.0234,-0.0309,0.034,0.0032,-0.0061
19920731,0.0377,-0.0044,-0.0053,0.0031,0.0144
19920831,-0.0238,-0.0012,-0.0103,0.0026,-0.0051
19920930,0.0119,0.0056,-0.0021,0.0026,0.0143
19921030,0.0102,0.0205,-0.021,0.0023,0.0271
19921130,0.0413,0.037,-0.0148,0.0023,-0.0034
19921231,0.0153,0.0164,0.0252,0.0028,0.0444
19930129,0.0093,0.0203,0.0587,0.0023,0.0483
19930226,0.0012,-0.0343,0.0642,0.0022,0.031
19930331,0.023,0.0023,0.0122,0.0025,0.0374
19930430,-0.0305,-0.007,0.0261,0.0024,0.0033
19930528,0.0289,0.0196,-0.0341,0.0022,0.003
19930630,0.0031,-0.0031,0.0262,0.0025,0.0458
19930730,-0.0034,0.0093,0.0325,0.0024,0.0325
19930831,0.0371,0.0031,-0.0045,0.0025,0.0258
19930930,-0.0012,0.0311,-0.0044,0.0026,0.0341
19931029,0.0141,0.0145,-0.0154,0.0022,-0.0267
19931130,-0.0189,-0.0142,-0.0027,0.0025,-0.0471
19931231,0.0165,0.0122,0.0057,0.0023,0.0228
19940131,0.0287,0.0015,0.0209,0.0025,0.0002
19940228,-0.0255,0.0273,-0.0145,0.0021,-0.0029
19940331,-0.0478,-0.0098,0.0129,0.0027,-0.0133
19940429,0.0068,-0.0092,0.0168,0.0027,0.0041
19940531,0.0058,-0.0201,0.002,0.0031,-0.0215
19940630,-0.0303,-0.0045,0.0169,0.0031,-0.0082
19940729,0.0282,-0.0172,0.0062,0.0028,0.0019
19940831,0.0401,0.0134,-0.0281,0.0037,0.0156
19940930,-0.0231,0.0283,-0.0191,0.0037,0.0132
19941031,0.0134,-0.0235,-0.0174,0.0038,0.0143
19941130,-0.0404,0.0026,-0.0094,0.0037,-0.002
19941230,0.0086,0.0004,0.0054,0.0044,0.035
19950131,0.018,-0.0265,0.0081,0.0042,-0.0182
19950228,0.0363,-0.0067,0.0109,0.004,-0.0036
19950331,0.0219,-0.0069,-0.011,0.0046,0.0039
19950428,0.0211,-0.0063,0.0227,0.0044,0.018
19950531,0.029,-0.0221,0.0172,0.0054,-0.0044
19950630,0.0272,0.0293,-0.0228,0.0047,0.029
19950731,0.0372,0.0209,-0.0167,0.0045,0.0253
19950831,0.0055,0.0159,0.0271,0.0047,0.0009
19950929,0.0335,-0.0211,-0.0075,0.0043,0.0271
19951031,-0.0152,-0.0375,-0.0074,0.0047,0.0411
19951130,0.0396,-0.0117,0.0095,0.0042,-0.0064
19951229,0.0103,0.0058,0.0087,0.0049,0.0254
19960131,0.0226,-0.0262,0.003,0.0043,0.0056
19960229,0.0133,0.0188,-0.0142,0.0039,0.0057
19960329,0.0073,0.0131,0.0101,0.0039,-0.0187
19960430,0.0206,0.0491,-0.0391,0.0046,-0.0091
19960531,0.0236,0.0305,-0.012,0.0042,0.0155
19960628,-0.0114,-0.0358,0.0156,0.004,0.0101
19960731,-0.0597,-0.0384,0.0445,0.0045,-0.0011
19960830,0.0277,0.023,-0.0046,0.0041,-0.0005
19960930,0.0501,-0.0088,-0.0315,0.0044,0.027
19961031,0.0086,-0.0444,0.0512,0.0042,0.0391
19961129,0.0625,-0.0389,0.0116,0.0041,-0.0223
19961231,-0.017,0.032,0.0089,0.0046,0.0061
19970131,0.0498,-0.0184,-0.0165,0.0045,0.0195
19970228,-0.0049,-0.029,0.052,0.0039,-0.0205
19970331,-0.0502,-0.0038,0.0381,0.0043,0.0096
19970430,0.0404,-0.0565,-0.0007,0.0043,0.0492
19970530,0.0674,0.0489,-0.0387,0.0049,-0.0516
19970630,0.041,0.0133,0.0123,0.0037,0.0262
19970731,0.0733,-0.028,0.0082,0.0043,0.0381
19970829,-0.0415,0.0731,0.0138,0.0041,-0.0255
19970930,0.0535,0.0261,0.0001,0.0044,0.0145
19971031,-0.038,-0.0068,0.0195,0.0042,-0.0038
19971128,0.0298,-0.0495,0.0079,0.0039,0.0029
19971231,0.0132,-0.0235,0.0345,0.0048,0.0395
19980130,0.0015,-0.0116,-0.0145,0.0043,0.0011
19980227,0.0704,0,-0.0013,0.0039,-0.0115
19980331,0.0476,-0.0093,0.0105,0.0039,0.0215
19980430,0.0073,0.002,0.0074,0.0043,0.0078
19980529,-0.0307,-0.0374,0.0416,0.004,0.0188
19980630,0.0318,-0.0316,-0.0233,0.0041,0.0726
19980731,-0.0246,-0.0512,-0.0096,0.004,0.0368
19980831,-0.1608,-0.0531,0.034,0.0043,0.0188
19980930,0.0615,-0.0014,-0.0331,0.0046,-0.0071
19981030,0.0713,-0.0329,-0.0221,0.0032,-0.0536
19981130,0.061,0.0107,-0.0315,0.0031,0.0116
19981231,0.0616,-0.0035,-0.0446,0.0038,0.0899
19990129,0.035,0.0037,-0.0403,0.0035,0.0304
19990226,-0.0408,-0.0567,0.014,0.0035,-0.0016
19990331,0.0345,-0.0393,-0.0265,0.0043,-0.0129
19990430,0.0433,0.04,0.0253,0.0037,-0.0906
19990528,-0.0246,0.0342,0.024,0.0034,-0.0528
19990630,0.0477,0.0305,-0.036,0.004,0.0488
19990730,-0.0349,0.0267,-0.0076,0.0038,0.0151
19990831,-0.0138,-0.0127,-0.0131,0.0039,0.0292
19990930,-0.0279,0.0333,-0.034,0.0039,0.0646
19991029,0.0612,-0.0695,-0.0288,0.0039,0.0547
19991130,0.0337,0.0737,-0.0651,0.0036,0.0562
19991231,0.0772,0.0712,-0.0874,0.0044,0.1319
20000131,-0.0474,0.0495,-0.0029,0.0041,0.0186
20000229,0.0245,0.217,-0.0993,0.0043,0.1836
20000331,0.052,-0.1686,0.0738,0.0047,-0.0639
20000428,-0.064,-0.0773,0.0861,0.0046,-0.0858
20000531,-0.0442,-0.0511,0.0256,0.005,-0.0908
20000630,0.0464,0.1385,-0.0986,0.004,0.1659
20000731,-0.0251,-0.0276,0.0806,0.0048,-0.0011
20000831,0.0703,-0.0115,-0.0066,0.005,0.057
20000929,-0.0545,-0.0132,0.0613,0.0051,0.022
20001031,-0.0276,-0.038,0.0564,0.0056,-0.0463
20001130,-0.1072,-0.0277,0.1126,0.0051,-0.024
20001229,0.0119,0.0096,0.0737,0.005,0.067
20010131,0.0313,0.0654,-0.0486,0.0054,-0.2505
20010228,-0.1005,-0.0072,0.1287,0.0038,0.1251
20010330,-0.0726,0.0034,0.0646,0.0042,0.0835
20010430,0.0794,0.0054,-0.0472,0.0039,-0.0797
20010531,0.0072,0.0259,0.0318,0.0032,0.0212
20010629,-0.0194,0.0603,-0.0103,0.0028,0.0034
20010731,-0.0213,-0.0435,0.0557,0.003,0.0547
20010831,-0.0646,0.025,0.0251,0.0031,0.0554
20010928,-0.0925,-0.0612,0.016,0.0028,0.1154
20011031,0.0246,0.0763,-0.081,0.0022,-0.0841
20011130,0.0754,-0.0041,0.0201,0.0017,-0.0858
20011231,0.0161,0.0457,0.011,0.0015,-0.0002
20020131,-0.0144,0.0119,0.0333,0.0014,0.0368
20020228,-0.0229,-0.011,0.025,0.0013,0.0676
20020328,0.0424,0.0423,0.011,0.0013,-0.0166
20020430,-0.052,0.0594,0.0392,0.0015,0.0795
20020531,-0.0138,-0.0321,0.0168,0.0014,0.0297
20020628,-0.0721,0.0427,0.0012,0.0013,0.0615
20020731,-0.0818,-0.053,-0.0344,0.0015,0.0334
20020830,0.005,-0.0244,0.0252,0.0014,0.0176
20020930,-0.1035,0.0257,0.0132,0.0014,0.0909
20021031,0.0784,-0.0291,-0.0545,0.0014,-0.053
20021129,0.0596,0.0284,-0.0112,0.0012,-0.1617
20021231,-0.0576,0.0001,0.0223,0.0011,0.0964
20030131,-0.0257,0.0139,-0.0093,0.001,0.0161
20030228,-0.0188,-0.0034,-0.0145,0.0009,0.0125
20030331,0.0109,0.0089,-0.0208,0.001,0.0161
20030430,0.0822,0.0056,0.0103,0.001,-0.0946
20030530,0.0605,0.0469,-0.0029,0.0009,-0.1077
20030630,0.0142,0.0167,0.0068,0.001,-0.0106
20030731,0.0235,0.0524,-0.0113,0.0007,-0.0031
20030829,0.0234,0.026,0.0203,0.0007,-0.0056
20030930,-0.0124,0.008,0.0001,0.0008,-0.0019
20031031,0.0608,0.0268,0.0177,0.0007,0.0373
20031128,0.0135,0.0202,0.0185,0.0007,0.0162
20031231,0.0429,-0.03,0.0241,0.0008,-0.0571
20040130,0.0215,0.028,0.0197,0.0007,0.026
20040227,0.014,-0.0143,0.005,0.0006,-0.011
20040331,-0.0132,0.0175,0.0022,0.0009,0.0021
20040430,-0.0183,-0.0206,-0.0262,0.0008,-0.0539
20040528,0.0117,-0.0021,-0.0039,0.0006,0.016
20040630,0.0186,0.0226,0.0139,0.0008,0.021
20040730,-0.0406,-0.0381,0.0412,0.001,-0.0229
20040831,0.0008,-0.0162,0.0102,0.0011,-0.0155
20040930,0.016,0.0304,-0.0025,0.0011,0.0525
20041029,0.0143,0.0031,-0.0062,0.0011,-0.0152
20041130,0.0454,0.0391,0.018,0.0015,0.0323
20041231,0.0343,0.0012,-0.0007,0.0016,-0.0284
20050131,-0.0276,-0.0151,0.0196,0.0016,0.032
20050228,0.0189,-0.0051,0.0164,0.0016,0.0316
20050331,-0.0197,-0.0138,0.0159,0.0021,0.0054
20050429,-0.0261,-0.0398,-0.0035,0.0021,-0.0087
20050531,0.0365,0.0288,-0.0081,0.0024,0.0044
20050630,0.0057,0.0262,0.0263,0.0023,0.0205
20050729,0.0392,0.0293,-0.0051,0.0024,-0.0001
20050831,-0.0122,-0.0092,0.0127,0.003,0.0227
20050930,0.0049,-0.0058,0.0076,0.0029,0.0346
20051031,-0.0202,-0.0121,0.0023,0.0027,-0.0129
20051130,0.0361,0.0091,-0.0119,0.0031,0.0025
20051230,-0.0025,-0.0045,0.0044,0.0032,0.0077
20060131,0.0304,0.0541,0.0112,0.0035,0.0268
20060228,-0.003,-0.0037,-0.0025,0.0034,-0.0184
20060331,0.0146,0.0355,0.006,0.0037,0.0126
20060428,0.0073,-0.0134,0.026,0.0036,0.0061
20060531,-0.0357,-0.0304,0.0255,0.0043,-0.0365
20060630,-0.0035,-0.0035,0.0088,0.004,0.0148
20060731,-0.0078,-0.0407,0.0294,0.004,-0.0222
20060831,0.0203,0.009,-0.0171,0.0042,-0.0346
20060929,0.0184,-0.0137,0.0005,0.0041,-0.0094
20061031,0.0323,0.0172,-0.0004,0.0041,-0.0023
20061130,0.0171,0.0086,0.0007,0.0042,-0.0101
20061229,0.0087,-0.011,0.0315,0.004,0.0084
20070131,0.014,0.0011,-0.0011,0.0044,0.0021
20070228,-0.0196,0.0132,-0.0009,0.0038,-0.0135
20070330,0.0068,-0.0005,-0.0022,0.0043,0.0249
20070430,0.0349,-0.0207,-0.0115,0.0044,-0.0016
20070531,0.0324,0.0002,-0.0004,0.0041,-0.0027
20070629,-0.0196,0.0078,-0.0112,0.004,0.0037
20070731,-0.0373,-0.0251,-0.0333,0.004,0.028
20070831,0.0092,-0.0013,-0.0224,0.0042,0.0011
20070928,0.0322,-0.0229,-0.0186,0.0032,0.0459
20071031,0.018,0.0022,-0.026,0.0032,0.0496
20071130,-0.0483,-0.0262,-0.0118,0.0034,0.0093
20071231,-0.0087,0.002,-0.0051,0.0027,0.0652
20080131,-0.0636,-0.009,0.0365,0.0021,-0.0789
20080229,-0.0309,-0.0024,-0.0094,0.0013,0.0611
20080331,-0.0093,0.0095,-0.0014,0.0017,0.041
20080430,0.046,-0.0164,-0.0095,0.0018,-0.002
20080530,0.0186,0.0322,-0.0138,0.0018,0.0321
20080630,-0.0844,0.0128,-0.0242,0.0017,0.1253
20080731,-0.0077,0.0245,0.0588,0.0015,-0.0514
20080829,0.0153,0.0361,0.0152,0.0013,-0.0404
20080930,-0.0924,-0.0116,0.0633,0.0015,0.0035
20081031,-0.1723,-0.0232,-0.0289,0.0008,0.0779
20081128,-0.0786,-0.0296,-0.0602,0.0003,0.071
20081231,0.0174,0.0361,-0.0025,0,-0.0508
20090130,-0.0812,0.0008,-0.1118,0,-0.0184
20090227,-0.101,0.0022,-0.0727,0.0001,0.0416
20090331,0.0895,-0.0008,0.0356,0.0002,-0.1138
20090430,0.1019,0.0477,0.0553,0.0001,-0.3439
20090529,0.0521,-0.0234,-0.0023,0,-0.1244
20090630,0.0043,0.0262,-0.0272,0.0001,0.0529
20090731,0.0772,0.0207,0.0528,0.0001,-0.0536
20090831,0.0333,-0.009,0.0775,0.0001,-0.0884
20090930,0.0408,0.0246,0.0093,0.0001,-0.0493
20091030,-0.0259,-0.0423,-0.0418,0,0.0266
20091130,0.0556,-0.025,-0.0017,0,0.0029
20091231,0.0275,0.061,0,0.0001,0.0291
20100129,-0.0336,0.0038,0.003,0,-0.0538
20100226,0.034,0.0121,0.0316,0,0.036
20100331,0.0631,0.0143,0.0211,0.0001,0.0366
20100430,0.02,0.0497,0.0281,0.0001,0.0322
20100528,-0.0789,0.0005,-0.0238,0.0001,-0.0013
20100630,-0.0556,-0.0197,-0.045,0.0001,-0.03
20100730,0.0693,0.0017,-0.0026,0.0001,0.0188
20100831,-0.0477,-0.03,-0.0195,0.0001,-0.0019
20100930,0.0954,0.0392,-0.0313,0.0001,0.0135
20101029,0.0388,0.0113,-0.026,0.0001,0.0164
20101130,0.006,0.037,-0.009,0.0001,0.0254
20101231,0.0682,0.0069,0.0382,0.0001,-0.0319
20110131,0.0199,-0.0247,0.0082,0.0001,-0.0032
20110228,0.0349,0.0153,0.011,0.0001,0.0203
20110331,0.0045,0.026,-0.0158,0.0001,0.0351
20110429,0.029,-0.0034,-0.0252,0,0.0006
20110531,-0.0127,-0.007,-0.0208,0,-0.0058
20110630,-0.0175,-0.0016,-0.0032,0,0.0177
20110729,-0.0236,-0.0135,-0.0121,0,0.0002
20110831,-0.0599,-0.0305,-0.0248,0.0001,-0.0033
20110930,-0.0759,-0.0353,-0.0141,0,-0.0257
20111031,0.1135,0.0342,-0.0018,0,-0.0142
20111130,-0.0028,-0.0017,-0.0034,0,0.0398
20111230,0.0074,-0.007,0.0177,0,0.0195
20120131,0.0505,0.0215,-0.0113,0,-0.0796
20120229,0.0442,-0.0175,0.0008,0,-0.0028
20120330,0.0311,-0.0062,0.0092,0,0.0149
20120430,-0.0085,-0.0052,-0.0048,0,0.0384
20120531,-0.0619,0,-0.0059,0.0001,0.0659
20120629,0.0389,0.0076,0.0044,0,-0.0072
20120731,0.0079,-0.0261,-0.0027,0,0.0316
20120831,0.0255,0.004,0.0131,0.0001,-0.0248
20120928,0.0273,0.0049,0.0153,0.0001,-0.0104
20121031,-0.0176,-0.0115,0.0379,0.0001,0.001
20121130,0.0078,0.0059,-0.0097,0.0001,0.0034
20121231,0.0118,0.0148,0.0358,0.0001,-0.0297
20130131,0.0557,0.0039,0.0095,0,-0.0186
20130228,0.0129,-0.0045,0.0003,0,0.0132
20130328,0.0403,0.0081,-0.003,0,0.0197
20130430,0.0155,-0.0242,0.0062,0,0.0027
20130531,0.028,0.0166,0.026,0,-0.0178
20130628,-0.012,0.0117,-0.0017,0,0.0059
20130731,0.0565,0.0186,0.0056,0,0.0175
20130830,-0.0271,0.0031,-0.0278,0,0.0005
20130930,0.0377,0.0292,-0.0119,0,0.0296
20131031,0.0418,-0.0151,0.0114,0,0.0015
20131129,0.0312,0.0122,0.0024,0,0.004
20131231,0.0281,-0.005,-0.0031,0,0.0004
20140131,-0.0332,0.0085,-0.0209,0,0.017
20140228,0.0465,0.0034,-0.004,0,0.0207
20140331,0.0043,-0.0189,0.0509,0,-0.0334
20140430,-0.0019,-0.0424,0.0114,0,-0.0386
20140530,0.0206,-0.0186,-0.0027,0,0.0115
20140630,0.0261,0.0308,-0.0074,0,0.0067
20140731,-0.0204,-0.0425,0.0001,0,-0.0025
20140829,0.0424,0.0036,-0.0059,0,0.008
20140930,-0.0197,-0.0383,-0.0123,0,0.0052
20141031,0.0252,0.0421,-0.017,0,0
20141128,0.0255,-0.0209,-0.03,0,0.0106
20141231,-0.0006,0.0255,0.0206,0,0.0109
20150130,-0.0311,-0.0056,-0.0348,0,0.0384
20150227,0.0613,0.0049,-0.0181,0,-0.0283
20150331,-0.0112,0.0303,-0.0046,0,0.0302
20150430,0.0059,-0.0298,0.0185,0,-0.0739
20150529,0.0136,0.0087,-0.0137,0,0.0601
20150630,-0.0153,0.0283,-0.0079,0,0.0303
20150731,0.0154,-0.0415,-0.0412,0,0.1033
20150831,-0.0604,0.0049,0.0266,0,-0.0212
20150930,-0.0308,-0.0264,0.0053,0,0.0533
20151030,0.0775,-0.0197,-0.0007,0,-0.0404
20151130,0.0056,0.0364,-0.0051,0,0.0232
20151231,-0.0217,-0.0283,-0.0259,0.0001,0.0345
20160129,-0.0577,-0.0335,0.0208,0.0001,0.0133
20160229,-0.0007,0.0079,-0.005,0.0002,-0.0411
20160331,0.0696,0.0087,0.0116,0.0002,-0.0513
20160429,0.0092,0.0069,0.0326,0.0001,-0.0627
20160531,0.0178,-0.0027,-0.0181,0.0001,0.0192
20160630,-0.0005,0.0065,-0.0147,0.0002,0.0422
20160729,0.0395,0.0264,-0.0111,0.0002,-0.0299
20160831,0.005,0.0116,0.0334,0.0002,-0.0312
20160930,0.0025,0.0202,-0.0149,0.0002,-0.0058
20161031,-0.0202,-0.0439,0.0416,0.0002,0.0065
20161130,0.0486,0.0547,0.0829,0.0001,-0.0415
20161230,0.0182,0.001,0.0358,0.0003,-0.0042
20170131,0.0194,-0.0104,-0.0278,0.0004,-0.0094
20170228,0.0357,-0.0202,-0.0179,0.0004,-0.0165
20170331,0.0017,0.012,-0.0317,0.0003,-0.0092
20170428,0.0109,0.0071,-0.0187,0.0005,0.0055
20170531,0.0106,-0.0254,-0.0378,0.0006,0.0145
20170630,0.0078,0.0217,0.0135,0.0006,-0.0026
20170731,0.0187,-0.0141,-0.0029,0.0007,0.0163
20170831,0.0016,-0.0167,-0.0224,0.0009,0.0352
20170929,0.0251,0.0455,0.0303,0.0009,-0.0117
20171031,0.0225,-0.0194,-0.0005,0.0009,0.043
20171130,0.0312,-0.0065,-0.0004,0.0008,-0.0073
20171229,0.0106,-0.0128,0.0014,0.0009,-0.0165
20180131,0.0558,-0.0303,-0.0137,0.0011,0.0393
20180228,-0.0365,0.0026,-0.0119,0.0011,0.0396
20180329,-0.0235,0.0395,-0.0012,0.0012,-0.0124
20180430,0.0029,0.0112,0.0054,0.0014,0.002
20180531,0.0265,0.0523,-0.0316,0.0014,0.0381
20180629,0.0048,0.0118,-0.0238,0.0014,-0.0239
20180731,0.0319,-0.0218,0.004,0.0016,-0.0158
20180831,0.0344,0.0115,-0.0408,0.0016,0.0531
20180928,0.0006,-0.0237,-0.013,0.0015,-0.0007
20181031,-0.0768,-0.0476,0.0344,0.0019,-0.0182
20181130,0.0169,-0.0079,0.0025,0.0018,-0.0142
20181231,-0.0955,-0.0263,-0.0147,0.0019,0.0184
20190131,0.0841,0.0301,-0.0062,0.0021,-0.0868
20190228,0.034,0.0206,-0.0284,0.0018,0.0079
20190329,0.011,-0.0313,-0.0407,0.0019,0.0218
20190430,0.0396,-0.0168,0.0193,0.0021,-0.0261
20190531,-0.0694,-0.012,-0.0239,0.0021,0.0761
20190628,0.0693,0.0033,-0.0108,0.0018,-0.0223
20190731,0.0119,-0.0207,0.0014,0.0019,0.0268
20190830,-0.0258,-0.0241,-0.0499,0.0016,0.076
20190930,0.0144,-0.009,0.0671,0.0018,-0.0685
20191031,0.0206,0.0025,-0.0207,0.0015,0.0024
20191129,0.0387,0.0087,-0.0186,0.0012,-0.0262
20191231,0.0277,0.0069,0.0182,0.0014,-0.0218